Workbook

Sheet Sheet4
A1: Age | B1: (All)
A3: Row Labels | B3: Sum of TreatmentCost
A4: Arthritis | B4: 113539
A5: Asthma | B5: 103544
A6: Cancer | B6: 112219
A7: COPD | B7: 110654
A8: Diabetes | B8: 104604
A9: Heart Disease | B9: 149681
A10: Hypertension | B10: 163926
A11: Kidney Disease | B11: 63290
A12: Liver Disease | B12: 155376
A13: Stroke | B13: 144149
A14: Grand Total | B14: 1220982

Sheet patients
A1: PatientID | B1: Name | C1: Age | D1: Gender | E1: DiagnosisID | F1: AdmissionDate | G1: DischargeDate | H1: OutcomeID | I1: TreatmentCost | J1: Dignosis name | K1: outcomename | L1: Days of digno | M1: Abnormal blood sugar flage | N1: risk raet
A2: 1 | B2: Edward Montes | C2: 68 | D2: M | E2: 2 | F2: 45738 | G2: 45751 | H2: 1 | I2: 4443 | J2: =VLOOKUP(E2,Dignosis!$A$1:$B$11,2,) -> Diabetes | K2: =VLOOKUP(H2,patients!$A$1:$B$4,2,) -> Edward Montes | L2: =_xlfn.DAYS(G2,F2) -> 13 | N2: =IF(OR(C2<65,H2<1),"high risk","low risk") -> low risk
A3: 2 | B3: Jessica Zimmerman | C3: 81 | D3: M | E3: 2 | F3: 45747 | G3: 45749 | H3: 2 | I3: 4265 | J3: =VLOOKUP(E3,Dignosis!$A$1:$B$11,2,) -> Diabetes | K3: =VLOOKUP(H3,patients!$A$1:$B$4,2,) -> Jessica Zimmerman | L3: =_xlfn.DAYS(G3,F3) -> 2 | N3: =IF(OR(C3<65,H3<1),"high risk","low risk") -> low risk
A4: 3 | B4: Gina Alexander | C4: 58 | D4: M | E4: 6 | F4: 45665 | G4: 45729 | H4: 1 | I4: 4188 | J4: =VLOOKUP(E4,Dignosis!$A$1:$B$11,2,) -> COPD | K4: =VLOOKUP(H4,patients!$A$1:$B$4,2,) -> Edward Montes | L4: =_xlfn.DAYS(G4,F4) -> 64 | M4: =IF(VLOOKUP(A4,labs!A4:E203,3,FALSE)>120,"high",) -> high | N4: =IF(OR(C4<65,H4<1),"high risk","low risk") -> high risk
A5: 4 | B5: Lori Green | C5: 44 | D5: F | E5: 3 | F5: 45750 | G5: 45752 | H5: 1 | I5: 9783 | J5: =VLOOKUP(E5,Dignosis!$A$1:$B$11,2,) -> Heart Disease | K5: =VLOOKUP(H5,patients!$A$1:$B$4,2,) -> Edward Montes | L5: =_xlfn.DAYS(G5,F5) -> 2 | M5: =IF(VLOOKUP(A5,labs!A5:E204,3,FALSE)>120,"high",) -> high | N5: =IF(OR(C5<65,H5<1),"high risk","low risk") -> high risk
A6: 5 | B6: Jack Logan | C6: 72 | D6: F | E6: 9 | F6: 45811 | G6: 45812 | H6: 1 | I6: 5005 | J6: =VLOOKUP(E6,Dignosis!$A$1:$B$11,2,) -> Kidney Disease | K6: =VLOOKUP(H6,patients!$A$1:$B$4,2,) -> Edward Montes | L6: =_xlfn.DAYS(G6,F6) -> 1 | M6: =IF(VLOOKUP(A6,labs!A6:E205,3,FALSE)>120,"high",) -> high | N6: =IF(OR(C6<65,H6<1),"high risk","low risk") -> low risk
A7: 6 | B7: Melinda Robinson | C7: 37 | D7: F | E7: 4 | F7: 45747 | G7: 45752 | H7: 1 | I7: 5281 | J7: =VLOOKUP(E7,Dignosis!$A$1:$B$11,2,) -> Asthma | K7: =VLOOKUP(H7,patients!$A$1:$B$4,2,) -> Edward Montes | L7: =_xlfn.DAYS(G7,F7) -> 5 | M7: =IF(VLOOKUP(A7,labs!A7:E206,3,FALSE)>120,"high",) -> high | N7: =IF(OR(C7<65,H7<1),"high risk","low risk") -> high risk
A8: 7 | B8: Sherry Robinson | C8: 50 | D8: F | E8: 1 | F8: 45819 | G8: 45843 | H8: 2 | I8: 2984 | J8: =VLOOKUP(E8,Dignosis!$A$1:$B$11,2,) -> Hypertension | K8: =VLOOKUP(H8,patients!$A$1:$B$4,2,) -> Jessica Zimmerman | L8: =_xlfn.DAYS(G8,F8) -> 24 | M8: =IF(VLOOKUP(A8,labs!A8:E207,3,FALSE)>120,"high",) -> high | N8: =IF(OR(C8<65,H8<1),"high risk","low risk") -> high risk
A9: 8 | B9: James Watts | C9: 68 | D9: M | E9: 4 | F9: 45772 | G9: 45827 | H9: 1 | I9: 9136 | J9: =VLOOKUP(E9,Dignosis!$A$1:$B$11,2,) -> Asthma | K9: =VLOOKUP(H9,patients!$A$1:$B$4,2,) -> Edward Montes | L9: =_xlfn.DAYS(G9,F9) -> 55 | M9: =IF(VLOOKUP(A9,labs!A9:E208,3,FALSE)>120,"high",) -> high | N9: =IF(OR(C9<65,H9<1),"high risk","low risk") -> low risk
A10: 9 | B10: Jeanne Butler | C10: 87 | D10: F | E10: 1 | F10: 45762 | G10: 45764 | H10: 2 | I10: 9790 | J10: =VLOOKUP(E10,Dignosis!$A$1:$B$11,2,) -> Hypertension | K10: =VLOOKUP(H10,patients!$A$1:$B$4,2,) -> Jessica Zimmerman | L10: =_xlfn.DAYS(G10,F10) -> 2 | M10: =IF(VLOOKUP(A10,labs!A10:E209,3,FALSE)>120,"high",) -> high | N10: =IF(OR(C10<65,H10<1),"high risk","low risk") -> low risk
A11: 10 | B11: Benjamin Rogers | C11: 48 | D11: M | E11: 5 | F11: 45792 | G11: 45796 | H11: 2 | I11: 3639 | J11: =VLOOKUP(E11,Dignosis!$A$1:$B$11,2,) -> Stroke | K11: =VLOOKUP(H11,patients!$A$1:$B$4,2,) -> Jessica Zimmerman | L11: =_xlfn.DAYS(G11,F11) -> 4 | M11: =IF(VLOOKUP(A11,labs!A11:E210,3,FALSE)>120,"high",) -> high | N11: =IF(OR(C11<65,H11<1),"high risk","low risk") -> high risk
A12: 11 | B12: Carol Sanchez | C12: 52 | D12: M | E12: 4 | F12: 45715 | G12: 45765 | H12: 3 | I12: 2827 | J12: =VLOOKUP(E12,Dignosis!$A$1:$B$11,2,) -> Asthma | K12: =VLOOKUP(H12,patients!$A$1:$B$4,2,) -> Gina Alexander | L12: =_xlfn.DAYS(G12,F12) -> 50 | M12: =IF(VLOOKUP(A12,labs!A12:E211,3,FALSE)>120,"high",) -> high | N12: =IF(OR(C12<65,H12<1),"high risk","low risk") -> high risk
A13: 12 | B13: Stacy Clark | C13: 40 | D13: F | E13: 8 | F13: 45771 | G13: 45795 | H13: 2 | I13: 4730 | J13: =VLOOKUP(E13,Dignosis!$A$1:$B$11,2,) -> Arthritis | K13: =VLOOKUP(H13,patients!$A$1:$B$4,2,) -> Jessica Zimmerman | L13: =_xlfn.DAYS(G13,F13) -> 24 | M13: =IF(VLOOKUP(A13,labs!A13:E212,3,FALSE)>120,"high",) -> high | N13: =IF(OR(C13<65,H13<1),"high risk","low risk") -> high risk
A14: 13 | B14: Kimberly Chase | C14: 40 | D14: F | E14: 8 | F14: 45732 | G14: 45815 | H14: 3 | I14: 5531 | J14: =VLOOKUP(E14,Dignosis!$A$1:$B$11,2,) -> Arthritis | K14: =VLOOKUP(H14,patients!$A$1:$B$4,2,) -> Gina Alexander | L14: =_xlfn.DAYS(G14,F14) -> 83 | M14: =IF(VLOOKUP(A14,labs!A14:E213,3,FALSE)>120,"high",) -> high | N14: =IF(OR(C14<65,H14<1),"high risk","low risk") -> high risk
A15: 14 | B15: Cody Ryan | C15: 53 | D15: F | E15: 7 | F15: 45814 | G15: 45818 | H15: 2 | I15: 9147 | J15: =VLOOKUP(E15,Dignosis!$A$1:$B$11,2,) -> Cancer | K15: =VLOOKUP(H15,patients!$A$1:$B$4,2,) -> Jessica Zimmerman | L15: =_xlfn.DAYS(G15,F15) -> 4 | M15: =IF(VLOOKUP(A15,labs!A15:E214,3,FALSE)>120,"high",) -> high | N15: =IF(OR(C15<65,H15<1),"high risk","low risk") -> high risk
... A201: 200 | B201: Gregory Bates | C201: 61 | D201: F | E201: 3 | F201: 45668 | G201: 45725 | H201: 3 | I201: 5983 | J201: =VLOOKUP(E201,Dignosis!$A$1:$B$11,2,) -> Heart Disease | K201: =VLOOKUP(H201,patients!$A$1:$B$4,2,) -> Gina Alexander | L201: =_xlfn.DAYS(G201,F201) -> 57 | M201: =IF(VLOOKUP(A201,labs!A201:E400,3,FALSE)>120,"high",) -> high | N201: =IF(OR(C201<65,H201<1),"high risk","low risk") -> high risk

Sheet labs
A1: LabID | B1: PatientID | C1: TestName | D1: Result | E1: NormalRange | F1: LOW limit | G1: High limit
A2: 1 | B2: 196 | C2: Blood Pressure | D2: 89 | E2: 150-200 | F2: {=_xlfn.TEXTSPLIT(E2,"-")} -> 150 | G2: 200 | H2: =IF(D2 < F2, "Low", IF(D2 > G2, "High", "Normal")) -> Low
A3: 2 | B3: 165 | C3: Cholesterol | D3: 270.2 | E3: 13-17 | F3: {=_xlfn.TEXTSPLIT(E3,"-")} -> 13 | G3: 17 | H3: =IF(D3 < F3, "Low", IF(D3 > G3, "High", "Normal")) -> Low
A4: 3 | B4: 182 | C4: Blood Pressure | D4: 268 | E4: 0.6-1.2 | F4: {=_xlfn.TEXTSPLIT(E4,"-")} -> 0.6 | G4: 1.2 | H4: =IF(D4 < F4, "Low", IF(D4 > G4, "High", "Normal")) -> Low
A5: 4 | B5: 142 | C5: Cholesterol | D5: 57.3 | E5: 150-200 | F5: {=_xlfn.TEXTSPLIT(E5,"-")} -> 150 | G5: 200 | H5: =IF(D5 < F5, "Low", IF(D5 > G5, "High", "Normal")) -> Low
A6: 5 | B6: 55 | C6: Blood Sugar | D6: 256.5 | E6: 120/80 | F6: {=_xlfn.TEXTSPLIT(E6,"/")} -> 120 | G6: 80 | H6: =IF(D6 < F6, "Low", IF(D6 > G6, "High", "Normal")) -> Low
A7: 6 | B7: 176 | C7: Creatinine | D7: 82.2 | E7: 120/80 | F7: {=_xlfn.TEXTSPLIT(E7,"/")} -> 120 | G7: 80 | H7: =IF(D7 < F7, "Low", IF(D7 > G7, "High", "Normal")) -> Low
A8: 7 | B8: 7 | C8: Blood Pressure | D8: 133.8 | E8: 150-200 | F8: {=_xlfn.TEXTSPLIT(E8,"-")} -> 150 | G8: 200 | H8: =IF(D8 < F8, "Low", IF(D8 > G8, "High", "Normal")) -> Low
A9: 8 | B9: 74 | C9: Hemoglobin | D9: 235.9 | E9: 0.6-1.2 | F9: {=_xlfn.TEXTSPLIT(E9,"-")} -> 0.6 | G9: 1.2 | H9: =IF(D9 < F9, "Low", IF(D9 > G9, "High", "Normal")) -> Low
A10: 9 | B10: 7 | C10: Hemoglobin | D10: 90.2 | E10: 20-50 | F10: {=_xlfn.TEXTSPLIT(E10,"-")} -> 20 | G10: 50 | H10: =IF(D10 < F10, "Low", IF(D10 > G10, "High", "Normal")) -> Low
A11: 10 | B11: 161 | C11: Vitamin D | D11: 254.5 | E11: 13-17 | F11: {=_xlfn.TEXTSPLIT(E11,"-")} -> 13 | G11: 17 | H11: =IF(D11 < F11, "Low", IF(D11 > G11, "High", "Normal")) -> Low
A12: 11 | B12: 151 | C12: Cholesterol | D12: 258 | E12: 120/80 | F12: {=_xlfn.TEXTSPLIT(E12,"/")} -> 120 | G12: 80 | H12: =IF(D12 < F12, "Low", IF(D12 > G12, "High", "Normal")) -> Low
A13: 12 | B13: 85 | C13: Blood Pressure | D13: 176.9 | E13: 20-50 | F13: {=_xlfn.TEXTSPLIT(E13,"-")} -> 20 | G13: 50 | H13: =IF(D13 < F13, "Low", IF(D13 > G13, "High", "Normal")) -> Low
A14: 13 | B14: 147 | C14: Vitamin D | D14: 51.6 | E14: 150-200 | F14: {=_xlfn.TEXTSPLIT(E14,"-")} -> 150 | G14: 200 | H14: =IF(D14 < F14, "Low", IF(D14 > G14, "High", "Normal")) -> Low
A15: 14 | B15: 112 | C15: Blood Pressure | D15: 121.8 | E15: 20-50 | F15: {=_xlfn.TEXTSPLIT(E15,"-")} -> 20 | G15: 50 | H15: =IF(D15 < F15, "Low", IF(D15 > G15, "High", "Normal")) -> Low
A16: 15 | B16: 125 | C16: Cholesterol | D16: 204.2 | E16: 70-120 | F16: {=_xlfn.TEXTSPLIT(E16,"-")} -> 70 | G16: 120 | H16: =IF(D16 < F16, "Low", IF(D16 > G16, "High", "Normal")) -> Low
A17: 16 | B17: 147 | C17: Hemoglobin | D17: 295.3 | E17: 120/80 | F17: {=_xlfn.TEXTSPLIT(E17,"/")} -> 120 | G17: 80 | H17: =IF(D17 < F17, "Low", IF(D17 > G17, "High", "Normal")) -> Low
A18: 17 | B18: 36 | C18: Blood Sugar | D18: 208 | E18: 150-200 | F18: {=_xlfn.TEXTSPLIT(E18,"-")} -> 150 | G18: 200 | H18: =IF(D18 < F18, "Low", IF(D18 > G18, "High", "Normal")) -> Low
A19: 18 | B19: 29 | C19: Hemoglobin | D19: 115 | E19: 13-17 | F19: {=_xlfn.TEXTSPLIT(E19,"-")} -> 13 | G19: 17 | H19: =IF(D19 < F19, "Low", IF(D19 > G19, "High", "Normal")) -> Low
A20: 19 | B20: 188 | C20: Vitamin D | D20: 208.5 | E20: 0.6-1.2 | F20: {=_xlfn.TEXTSPLIT(E20,"-")} -> 0.6 | G20: 1.2 | H20: =IF(D20 < F20, "Low", IF(D20 > G20, "High", "Normal")) -> Low
A21: 20 | B21: 82 | C21: Creatinine | D21: 185 | E21: 150-200 | F21: {=_xlfn.TEXTSPLIT(E21,"-")} -> 150 | G21: 200 | H21: =IF(D21 < F21, "Low", IF(D21 > G21, "High", "Normal")) -> Low
A22: 21 | B22: 2 | C22: Blood Sugar | D22: 245 | E22: 13-17 | F22: {=_xlfn.TEXTSPLIT(E22,"-")} -> 13 | G22: 17 | H22: =IF(D22 < F22, "Low", IF(D22 > G22, "High", "Normal")) -> Low
A23: 22 | B23: 129 | C23: Vitamin D | D23: 76.7 | E23: 0.6-1.2 | F23: {=_xlfn.TEXTSPLIT(E23,"-")} -> 0.6 | G23: 1.2 | H23: =IF(D23 < F23, "Low", IF(D23 > G23, "High", "Normal")) -> Low
A24: 23 | B24: 47 | C24: Cholesterol | D24: 240.3 | E24: 0.6-1.2 | F24: {=_xlfn.TEXTSPLIT(E24,"-")} -> 0.6 | G24: 1.2 | H24: =IF(D24 < F24, "Low", IF(D24 > G24, "High", "Normal")) -> Low
A25: 24 | B25: 197 | C25: Blood Sugar | D25: 185.3 | E25: 150-200 | F25: {=_xlfn.TEXTSPLIT(E25,"-")} -> 150 | G25: 200 | H25: =IF(D25 < F25, "Low", IF(D25 > G25, "High", "Normal")) -> Low
A26: 25 | B26: 148 | C26: Vitamin D | D26: 290.7 | E26: 20-50 | F26: {=_xlfn.TEXTSPLIT(E26,"-")} -> 20 | G26: 50 | H26: =IF(D26 < F26, "Low", IF(D26 > G26, "High", "Normal")) -> Low
A27: 26 | B27: 11 | C27: Cholesterol | D27: 135.5 | E27: 20-50 | F27: {=_xlfn.TEXTSPLIT(E27,"-")} -> 20 | G27: 50 | H27: =IF(D27 < F27, "Low", IF(D27 > G27, "High", "Normal")) -> Low
A28: 27 | B28: 130 | C28: Hemoglobin | D28: 208.2 | E28: 0.6-1.2 | F28: {=_xlfn.TEXTSPLIT(E28,"-")} -> 0.6 | G28: 1.2 | H28: =IF(D28 < F28, "Low", IF(D28 > G28, "High", "Normal")) -> Low
A29: 28 | B29: 195 | C29: Creatinine | D29: 283 | E29: 20-50 | F29: {=_xlfn.TEXTSPLIT(E29,"-")} -> 20 | G29: 50 | H29: =IF(D29 < F29, "Low", IF(D29 > G29, "High", "Normal")) -> Low
... A40: 39 | B40: 86 | C40: Blood Pressure | D40: 61.4 | E40: 70-120 | F40: {=_xlfn.TEXTSPLIT(E40,"-")} -> 70 | G40: 120 | H40: =IF(D40 < F40, "Low", IF(D40 > G40, "High", "Normal")) -> Low
A41: 40 | B41: 108 | C41: Creatinine | D41: 267.9 | E41: 120/80 | F41: {=_xlfn.TEXTSPLIT(E41,"/")} -> 120 | G41: 80 | H41: =IF(D41 < F41, "Low", IF(D41 > G41, "High", "Normal")) -> Low
A42: 41 | B42: 24 | C42: Hemoglobin | D42: 293.4 | E42: 70-120 | F42: {=_xlfn.TEXTSPLIT(E42,"-")} -> 70 | G42: 120 | H42: =IF(D42 < F42, "Low", IF(D42 > G42, "High", "Normal")) -> Low
A43: 42 | B43: 81 | C43: Vitamin D | D43: 292.2 | E43: 70-120 | F43: {=_xlfn.TEXTSPLIT(E43,"-")} -> 70 | G43: 120 | H43: =IF(D43 < F43, "Low", IF(D43 > G43, "High", "Normal")) -> Low
A44: 43 | B44: 158 | C44: Creatinine | D44: 237.4 | E44: 13-17 | F44: {=_xlfn.TEXTSPLIT(E44,"-")} -> 13 | G44: 17 | H44: =IF(D44 < F44, "Low", IF(D44 > G44, "High", "Normal")) -> Low
A45: 44 | B45: 120 | C45: Blood Sugar | D45: 82.5 | E45: 150-200 | F45: {=_xlfn.TEXTSPLIT(E45,"-")} -> 150 | G45: 200 | H45: =IF(D45 < F45, "Low", IF(D45 > G45, "High", "Normal")) -> Low
A46: 45 | B46: 59 | C46: Vitamin D | D46: 239.6 | E46: 120/80 | F46: {=_xlfn.TEXTSPLIT(E46,"/")} -> 120 | G46: 80 | H46: =IF(D46 < F46, "Low", IF(D46 > G46, "High", "Normal")) -> Low
A47: 46 | B47: 128 | C47: Creatinine | D47: 56.1 | E47: 20-50 | F47: {=_xlfn.TEXTSPLIT(E47,"-")} -> 20 | G47: 50 | H47: =IF(D47 < F47, "Low", IF(D47 > G47, "High", "Normal")) -> Low
A48: 47 | B48: 114 | C48: Vitamin D | D48: 55.5 | E48: 20-50 | F48: {=_xlfn.TEXTSPLIT(E48,"-")} -> 20 | G48: 50 | H48: =IF(D48 < F48, "Low", IF(D48 > G48, "High", "Normal")) -> Low
A49: 48 | B49: 115 | C49: Hemoglobin | D49: 130.9 | E49: 70-120 | F49: {=_xlfn.TEXTSPLIT(E49,"-")} -> 70 | G49: 120 | H49: =IF(D49 < F49, "Low", IF(D49 > G49, "High", "Normal")) -> Low
A50: 49 | B50: 14 | C50: Blood Sugar | D50: 172.2 | E50: 13-17 | F50: {=_xlfn.TEXTSPLIT(E50,"-")} -> 13 | G50: 17 | H50: =IF(D50 < F50, "Low", IF(D50 > G50, "High", "Normal")) -> Low
A51: 50 | B51: 9 | C51: Hemoglobin | D51: 242.6 | E51: 13-17 | F51: {=_xlfn.TEXTSPLIT(E51,"-")} -> 13 | G51: 17 | H51: =IF(D51 < F51, "Low", IF(D51 > G51, "High", "Normal")) -> Low
A52: 51 | B52: 40 | C52: Blood Sugar | D52: 220.8 | E52: 20-50 | F52: {=_xlfn.TEXTSPLIT(E52,"-")} -> 20 | G52: 50 | H52: =IF(D52 < F52, "Low", IF(D52 > G52, "High", "Normal")) -> Low
A53: 52 | B53: 194 | C53: Cholesterol | D53: 161.5 | E53: 120/80 | F53: {=_xlfn.TEXTSPLIT(E53,"/")} -> 120 | G53: 80 | H53: =IF(D53 < F53, "Low", IF(D53 > G53, "High", "Normal")) -> Low
A54: 53 | B54: 25 | C54: Creatinine | D54: 118.4 | E54: 150-200 | F54: {=_xlfn.TEXTSPLIT(E54,"-")} -> 150 | G54: 200 | H54: =IF(D54 < F54, "Low", IF(D54 > G54, "High", "Normal")) -> Low
A55: 54 | B55: 103 | C55: Blood Sugar | D55: 299.3 | E55: 120/80 | F55: {=_xlfn.TEXTSPLIT(E55,"/")} -> 120 | G55: 80 | H55: =IF(D55 < F55, "Low", IF(D55 > G55, "High", "Normal")) -> Low
A56: 55 | B56: 22 | C56: Hemoglobin | D56: 156.5 | E56: 0.6-1.2 | F56: {=_xlfn.TEXTSPLIT(E56,"-")} -> 0.6 | G56: 1.2 | H56: =IF(D56 < F56, "Low", IF(D56 > G56, "High", "Normal")) -> Low
A57: 56 | B57: 4 | C57: Vitamin D | D57: 162.8 | E57: 0.6-1.2 | F57: {=_xlfn.TEXTSPLIT(E57,"-")} -> 0.6 | G57: 1.2 | H57: =IF(D57 < F57, "Low", IF(D57 > G57, "High", "Normal")) -> Low
A58: 57 | B58: 154 | C58: Blood Sugar | D58: 90.9 | E58: 150-200 | F58: {=_xlfn.TEXTSPLIT(E58,"-")} -> 150 | G58: 200 | H58: =IF(D58 < F58, "Low", IF(D58 > G58, "High", "Normal")) -> Low
A59: 58 | B59: 186 | C59: Creatinine | D59: 248.7 | E59: 20-50 | F59: {=_xlfn.TEXTSPLIT(E59,"-")} -> 20 | G59: 50 | H59: =IF(D59 < F59, "Low", IF(D59 > G59, "High", "Normal")) -> Low
A60: 59 | B60: 29 | C60: Blood Sugar | D60: 223.4 | E60: 150-200 | F60: {=_xlfn.TEXTSPLIT(E60,"-")} -> 150 | G60: 200 | H60: =IF(D60 < F60, "Low", IF(D60 > G60, "High", "Normal")) -> Low
A61: 60 | B61: 109 | C61: Blood Pressure | D61: 105.2 | E61: 13-17 | F61: {=_xlfn.TEXTSPLIT(E61,"-")} -> 13 | G61: 17 | H61: =IF(D61 < F61, "Low", IF(D61 > G61, "High", "Normal")) -> Low
A62: 61 | B62: 98 | C62: Vitamin D | D62: 70.6 | E62: 0.6-1.2 | F62: {=_xlfn.TEXTSPLIT(E62,"-")} -> 0.6 | G62: 1.2 | H62: =IF(D62 < F62, "Low", IF(D62 > G62, "High", "Normal")) -> Low
A63: 62 | B63: 37 | C63: Creatinine | D63: 220.1 | E63: 70-120 | F63: {=_xlfn.TEXTSPLIT(E63,"-")} -> 70 | G63: 120 | H63: =IF(D63 < F63, "Low", IF(D63 > G63, "High", "Normal")) -> Low
A64: 63 | B64: 75 | C64: Creatinine | D64: 213.6 | E64: 70-120 | F64: {=_xlfn.TEXTSPLIT(E64,"-")} -> 70 | G64: 120 | H64: =IF(D64 < F64, "Low", IF(D64 > G64, "High", "Normal")) -> Low
A65: 64 | B65: 70 | C65: Cholesterol | D65: 118.3 | E65: 20-50 | F65: {=_xlfn.TEXTSPLIT(E65,"-")} -> 20 | G65: 50 | H65: =IF(D65 < F65, "Low", IF(D65 > G65, "High", "Normal")) -> Low
A66: 65 | B66: 146 | C66: Hemoglobin | D66: 287.7 | E66: 13-17 | F66: {=_xlfn.TEXTSPLIT(E66,"-")} -> 13 | G66: 17 | H66: =IF(D66 < F66, "Low", IF(D66 > G66, "High", "Normal")) -> Low
A67: 66 | B67: 128 | C67: Cholesterol | D67: 87.8 | E67: 120/80 | F67: {=_xlfn.TEXTSPLIT(E67,"/")} -> 120 | G67: 80 | H67: =IF(D67 < F67, "Low", IF(D67 > G67, "High", "Normal")) -> Low
A68: 67 | B68: 85 | C68: Creatinine | D68: 158.1 | E68: 13-17 | F68: {=_xlfn.TEXTSPLIT(E68,"-")} -> 13 | G68: 17 | H68: =IF(D68 < F68, "Low", IF(D68 > G68, "High", "Normal")) -> Low
A69: 68 | B69: 42 | C69: Vitamin D | D69: 285.9 | E69: 70-120 | F69: {=_xlfn.TEXTSPLIT(E69,"-")} -> 70 | G69: 120 | H69: =IF(D69 < F69, "Low", IF(D69 > G69, "High", "Normal")) -> Low
A70: 69 | B70: 100 | C70: Blood Sugar | D70: 154.9 | E70: 70-120 | F70: {=_xlfn.TEXTSPLIT(E70,"-")} -> 70 | G70: 120 | H70: =IF(D70 < F70, "Low", IF(D70 > G70, "High", "Normal")) -> Low
A71: 70 | B71: 41 | C71: Blood Sugar | D71: 209.6 | E71: 0.6-1.2 | F71: {=_xlfn.TEXTSPLIT(E71,"-")} -> 0.6 | G71: 1.2 | H71: =IF(D71 < F71, "Low", IF(D71 > G71, "High", "Normal")) -> Low
A72: 71 | B72: 166 | C72: Vitamin D | D72: 149.4 | E72: 13-17 | F72: {=_xlfn.TEXTSPLIT(E72,"-")} -> 13 | G72: 17 | H72: =IF(D72 < F72, "Low", IF(D72 > G72, "High", "Normal")) -> Low
A73: 72 | B73: 34 | C73: Creatinine | D73: 118.6 | E73: 13-17 | F73: {=_xlfn.TEXTSPLIT(E73,"-")} -> 13 | G73: 17 | H73: =IF(D73 < F73, "Low", IF(D73 > G73, "High", "Normal")) -> Low
A74: 73 | B74: 17 | C74: Blood Sugar | D74: 296 | E74: 70-120 | F74: {=_xlfn.TEXTSPLIT(E74,"-")} -> 70 | G74: 120 | H74: =IF(D74 < F74, "Low", IF(D74 > G74, "High", "Normal")) -> Low
A75: 74 | B75: 165 | C75: Blood Sugar | D75: 152.3 | E75: 120/80 | F75: {=_xlfn.TEXTSPLIT(E75,"/")} -> 120 | G75: 80 | H75: =IF(D75 < F75, "Low", IF(D75 > G75, "High", "Normal")) -> Low
A76: 75 | B76: 153 | C76: Blood Sugar | D76: 273.5 | E76: 20-50 | F76: {=_xlfn.TEXTSPLIT(E76,"-")} -> 20 | G76: 50 | H76: =IF(D76 < F76, "Low", IF(D76 > G76, "High", "Normal")) -> Low
A77: 76 | B77: 122 | C77: Hemoglobin | D77: 107.5 | E77: 20-50 | F77: {=_xlfn.TEXTSPLIT(E77,"-")} -> 20 | G77: 50 | H77: =IF(D77 < F77, "Low", IF(D77 > G77, "High", "Normal")) -> Low
A78: 77 | B78: 76 | C78: Hemoglobin | D78: 103.3 | E78: 13-17 | F78: {=_xlfn.TEXTSPLIT(E78,"-")} -> 13 | G78: 17 | H78: =IF(D78 < F78, "Low", IF(D78 > G78, "High", "Normal")) -> Low
A79: 78 | B79: 87 | C79: Blood Pressure | D79: 57.8 | E79: 20-50 | F79: {=_xlfn.TEXTSPLIT(E79,"-")} -> 20 | G79: 50 | H79: =IF(D79 < F79, "Low", IF(D79 > G79, "High", "Normal")) -> Low
A80: 79 | B80: 117 | C80: Cholesterol | D80: 212.9 | E80: 70-120 | F80: {=_xlfn.TEXTSPLIT(E80,"-")} -> 70 | G80: 120 | H80: =IF(D80 < F80, "Low", IF(D80 > G80, "High", "Normal")) -> Low
A81: 80 | B81: 106 | C81: Vitamin D | D81: 142.1 | E81: 70-120 | F81: {=_xlfn.TEXTSPLIT(E81,"-")} -> 70 | G81: 120 | H81: =IF(D81 < F81, "Low", IF(D81 > G81, "High", "Normal")) -> Low
A82: 81 | B82: 86 | C82: Vitamin D | D82: 266.1 | E82: 13-17 | F82: {=_xlfn.TEXTSPLIT(E82,"-")} -> 13 | G82: 17 | H82: =IF(D82 < F82, "Low", IF(D82 > G82, "High", "Normal")) -> Low
A83: 82 | B83: 27 | C83: Vitamin D | D83: 168.3 | E83: 13-17 | F83: {=_xlfn.TEXTSPLIT(E83,"-")} -> 13 | G83: 17 | H83: =IF(D83 < F83, "Low", IF(D83 > G83, "High", "Normal")) -> Low
A84: 83 | B84: 57 | C84: Blood Pressure | D84: 292 | E84: 0.6-1.2 | F84: {=_xlfn.TEXTSPLIT(E84,"-")} -> 0.6 | G84: 1.2 | H84: =IF(D84 < F84, "Low", IF(D84 > G84, "High", "Normal")) -> Low
A85: 84 | B85: 31 | C85: Hemoglobin | D85: 96.4 | E85: 13-17 | F85: {=_xlfn.TEXTSPLIT(E85,"-")} -> 13 | G85: 17 | H85: =IF(D85 < F85, "Low", IF(D85 > G85, "High", "Normal")) -> Low
A86: 85 | B86: 134 | C86: Creatinine | D86: 267.2 | E86: 120/80 | F86: {=_xlfn.TEXTSPLIT(E86,"/")} -> 120 | G86: 80 | H86: =IF(D86 < F86, "Low", IF(D86 > G86, "High", "Normal")) -> Low
A87: 86 | B87: 168 | C87: Creatinine | D87: 244.1 | E87: 20-50 | F87: {=_xlfn.TEXTSPLIT(E87,"-")} -> 20 | G87: 50 | H87: =IF(D87 < F87, "Low", IF(D87 > G87, "High", "Normal")) -> Low
A88: 87 | B88: 98 | C88: Blood Pressure | D88: 242.7 | E88: 13-17 | F88: {=_xlfn.TEXTSPLIT(E88,"-")} -> 13 | G88: 17 | H88: =IF(D88 < F88, "Low", IF(D88 > G88, "High", "Normal")) -> Low
A89: 88 | B89: 12 | C89: Creatinine | D89: 261.2 | E89: 150-200 | F89: {=_xlfn.TEXTSPLIT(E89,"-")} -> 150 | G89: 200 | H89: =IF(D89 < F89, "Low", IF(D89 > G89, "High", "Normal")) -> Low
A90: 89 | B90: 53 | C90: Vitamin D | D90: 240.3 | E90: 0.6-1.2 | F90: {=_xlfn.TEXTSPLIT(E90,"-")} -> 0.6 | G90: 1.2 | H90: =IF(D90 < F90, "Low", IF(D90 > G90, "High", "Normal")) -> Low
A91: 90 | B91: 199 | C91: Cholesterol | D91: 206.6 | E91: 150-200 | F91: {=_xlfn.TEXTSPLIT(E91,"-")} -> 150 | G91: 200 | H91: =IF(D91 < F91, "Low", IF(D91 > G91, "High", "Normal")) -> Low
A92: 91 | B92: 138 | C92: Blood Sugar | D92: 82.8 | E92: 70-120 | F92: {=_xlfn.TEXTSPLIT(E92,"-")} -> 70 | G92: 120 | H92: =IF(D92 < F92, "Low", IF(D92 > G92, "High", "Normal")) -> Low
A93: 92 | B93: 173 | C93: Hemoglobin | D93: 58.1 | E93: 20-50 | F93: {=_xlfn.TEXTSPLIT(E93,"-")} -> 20 | G93: 50 | H93: =IF(D93 < F93, "Low", IF(D93 > G93, "High", "Normal")) -> Low
A94: 93 | B94: 145 | C94: Hemoglobin | D94: 280.2 | E94: 13-17 | F94: {=_xlfn.TEXTSPLIT(E94,"-")} -> 13 | G94: 17 | H94: =IF(D94 < F94, "Low", IF(D94 > G94, "High", "Normal")) -> Low
A95: 94 | B95: 154 | C95: Blood Pressure | D95: 204.2 | E95: 150-200 | F95: {=_xlfn.TEXTSPLIT(E95,"-")} -> 150 | G95: 200 | H95: =IF(D95 < F95, "Low", IF(D95 > G95, "High", "Normal")) -> Low
A96: 95 | B96: 190 | C96: Hemoglobin | D96: 249.1 | E96: 20-50 | F96: {=_xlfn.TEXTSPLIT(E96,"-")} -> 20 | G96: 50 | H96: =IF(D96 < F96, "Low", IF(D96 > G96, "High", "Normal")) -> Low
A97: 96 | B97: 122 | C97: Vitamin D | D97: 170.4 | E97: 70-120 | F97: {=_xlfn.TEXTSPLIT(E97,"-")} -> 70 | G97: 120 | H97: =IF(D97 < F97, "Low", IF(D97 > G97, "High", "Normal")) -> Low
A98: 97 | B98: 46 | C98: Creatinine | D98: 79.3 | E98: 120/80 | F98: {=_xlfn.TEXTSPLIT(E98,"/")} -> 120 | G98: 80 | H98: =IF(D98 < F98, "Low", IF(D98 > G98, "High", "Normal")) -> Low
A99: 98 | B99: 64 | C99: Vitamin D | D99: 81.3 | E99: 0.6-1.2 | F99: {=_xlfn.TEXTSPLIT(E99,"-")} -> 0.6 | G99: 1.2 | H99: =IF(D99 < F99, "Low", IF(D99 > G99, "High", "Normal")) -> Low
A100: 99 | B100: 130 | C100: Blood Pressure | D100: 221.4 | E100: 20-50 | F100: {=_xlfn.TEXTSPLIT(E100,"-")} -> 20 | G100: 50 | H100: =IF(D100 < F100, "Low", IF(D100 > G100, "High", "Normal")) -> Low
A101: 100 | B101: 54 | C101: Vitamin D | D101: 157.6 | E101: 20-50 | F101: {=_xlfn.TEXTSPLIT(E101,"-")} -> 20 | G101: 50 | H101: =IF(D101 < F101, "Low", IF(D101 > G101, "High", "Normal")) -> Low
A102: 101 | B102: 107 | C102: Creatinine | D102: 100.1 | E102: 120/80 | F102: {=_xlfn.TEXTSPLIT(E102,"/")} -> 120 | G102: 80 | H102: =IF(D102 < F102, "Low", IF(D102 > G102, "High", "Normal")) -> Low
A103: 102 | B103: 193 | C103: Cholesterol | D103: 172.9 | E103: 20-50 | F103: {=_xlfn.TEXTSPLIT(E103,"-")} -> 20 | G103: 50 | H103: =IF(D103 < F103, "Low", IF(D103 > G103, "High", "Normal")) -> Low
A104: 103 | B104: 51 | C104: Blood Pressure | D104: 66.1 | E104: 70-120 | F104: {=_xlfn.TEXTSPLIT(E104,"-")} -> 70 | G104: 120 | H104: =IF(D104 < F104, "Low", IF(D104 > G104, "High", "Normal")) -> Low
A105: 104 | B105: 181 | C105: Cholesterol | D105: 195.5 | E105: 70-120 | F105: {=_xlfn.TEXTSPLIT(E105,"-")} -> 70 | G105: 120 | H105: =IF(D105 < F105, "Low", IF(D105 > G105, "High", "Normal")) -> Low
A106: 105 | B106: 36 | C106: Blood Sugar | D106: 117.2 | E106: 120/80 | F106: {=_xlfn.TEXTSPLIT(E106,"/")} -> 120 | G106: 80 | H106: =IF(D106 < F106, "Low", IF(D106 > G106, "High", "Normal")) -> Low
A107: 106 | B107: 115 | C107: Cholesterol | D107: 249.4 | E107: 0.6-1.2 | F107: {=_xlfn.TEXTSPLIT(E107,"-")} -> 0.6 | G107: 1.2 | H107: =IF(D107 < F107, "Low", IF(D107 > G107, "High", "Normal")) -> Low
A108: 107 | B108: 26 | C108: Blood Sugar | D108: 127.6 | E108: 13-17 | F108: {=_xlfn.TEXTSPLIT(E108,"-")} -> 13 | G108: 17 | H108: =IF(D108 < F108, "Low", IF(D108 > G108, "High", "Normal")) -> Low
A109: 108 | B109: 29 | C109: Blood Sugar | D109: 163.8 | E109: 150-200 | F109: {=_xlfn.TEXTSPLIT(E109,"-")} -> 150 | G109: 200 | H109: =IF(D109 < F109, "Low", IF(D109 > G109, "High", "Normal")) -> Low
A110: 109 | B110: 149 | C110: Cholesterol | D110: 52.9 | E110: 13-17 | F110: {=_xlfn.TEXTSPLIT(E110,"-")} -> 13 | G110: 17 | H110: =IF(D110 < F110, "Low", IF(D110 > G110, "High", "Normal")) -> Low
...

Sheet outcomes
A1: OutcomeID | B1: OutcomeName
A2: 1 | B2: Recovered
A3: 2 | B3: Complicated
A4: 3 | B4: Deceased

Sheet Dignosis
A1: DiagnosisID | B1: DiagnosisName
A2: 1 | B2: Hypertension
A3: 2 | B3: Diabetes
A4: 3 | B4: Heart Disease
A5: 4 | B5: Asthma
A6: 5 | B6: Stroke
A7: 6 | B7: COPD
A8: 7 | B8: Cancer
A9: 8 | B9: Arthritis
A10: 9 | B10: Kidney Disease
A11: 10 | B11: Liver Disease
